,Title,Post Text,ID,Score,Total Comments,Post URL
0,45th president,,5oy15r,287,53,http://imgur.com/5q0Gdrw
1,"Hunter Biden used the n-word multiple times, text messages reveal",,nvnhx8,131,1009,https://www.dailymail.co.uk/news/article-9661781/amp/Hunter-Biden-used-n-word-multiple-times-casual-conversation-text-messages-show.html
2,Is this Brett Kavanaugh,,b8hvxj,56,26,https://i.imgur.com/hJhqxDe.jpg
3,"Joe Biden: Unlike Black Americans, Latinos have diversity of thought",,i4t87v,52,168,https://www.youtube.com/watch?v=FTao1hvMYjc
4,yes,,fdimqk,48,2,https://i.redd.it/njseh5wonpk41.jpg
5,AOC Calls Reddit-Fueled GameStop Frenzy Similar To Movement That Put Her In Congress,,l99cp2,43,9,https://www.forbes.com/sites/nicholasreimann/2021/01/30/aoc-calls-reddit-fueled-gamestop-frenzy-similar-to-movement-that-put-her-in-congress/?sh=5e1b08514b4b
6,"""Moderate"" Democrats are just Republicans","If you're a Democrat and don't champion progressive ideals like Medicare for All, Tuition Free Schooling, $15 minimum wage and paid leave for new mothers than you're not really a Democrat. You're a Republican who doesn't want to be shamed /ostracized by their community. ""Moderate"" Democrats are just Republicans that don't want to not appear ""woke"". They put on their blue ties and pretend all while riding the intersectionality wave. They don't plan on helping the poor they just don't want that R next to their name.

Edit for typos.",fe1kei,46,92,https://www.reddit.com/r/Democrat/comments/fe1kei/moderate_democrats_are_just_republicans/
7,I wish the Democratic Party was able to fix our water supply and improve broadband access without being blocked by Republican obstructionists,,mo3f6m,41,23,https://i.redd.it/twiug8dzz4s61.png
8,"The DNC caused this by not going with BERNIE , once hillary was exposed by wikileaks , they should have gone with the BERN!","
Thank you wikileaks and Julianne Assange for dumping Hillary's emails. Thank you Comey for coming out a week before the election to expose Hillary.
",5c1lyr,38,9,https://www.reddit.com/r/Democrat/comments/5c1lyr/the_dnc_caused_this_by_not_going_with_bernie_once/
9,Congressional Term Limits NOW,,lk8fvk,39,14,https://imgflip.com/i/4vk2pn
10,125+ Reasons You Should Not Vote for Joe Biden,,ev6bx4,33,9,https://medium.com/@westonpagano/125-reasons-you-should-not-vote-for-joe-biden-e3cc298cad88
11,Unsubscribing: can't read titles through your donkey,Was it not obvious as soon as you tested the donkey background that it's obscuring the text?,2mef6v,32,0,https://www.reddit.com/r/Democrat/comments/2mef6v/unsubscribing_cant_read_titles_through_your_donkey/
12,George Carlin,,ndgbqj,31,9,https://i.redd.it/85whb0swsez61.jpg
13,"I wish the Democratic Party was actually interested in winning, instead we‚Äôre in for 4 more years of the same shit by the looks of it...","I will admit this is more just me yelling to myself and whoever might here me than coherent debate, as is what seems to be democratic tradition.

The party that always chooses whoever gets backed by the military industrial complex despite constantly preaching that we‚Äôre the ‚Äúanti-war‚Äù party.

The party that claims the ‚Äúdiversity‚Äù party despite propping up the worst possible female candidates they could find to make the rich old dudes seem more relatable.

The party that still won‚Äôt shut the fuck up about Kamala Harris despite being out of the race for months and being the most useless sack of shit that can‚Äôt debate to save her own life.

The party that allows Mike Fucking Bloomberg a chance to speak about safety and privacy policy despite being the most authoritarian one in the entire race.

The party that talks down and belittles any and all underneath them even if you agree with them with the media. To them if you‚Äôre a democrat in their eyes you‚Äôre a weak little sheep that has to coddled and told what to think and how to act, if you‚Äôre not you‚Äôre a mindless slave to the trump administration or a nazi.

That party that eats away at its own party members for stepping out of line. Andrew Yang, Tulsi Gabbard, and Bernie Sanders are prime examples of this. They‚Äôd rather get destroyed by Trump by choosing Biden‚Äôs old jittering ass, than put up a fight with either of these three. Yang can‚Äôt win because he‚Äôs just too down to earth and believes in worker‚Äôs well-being. Tulsi can‚Äôt win because she actually wants out of the Middle East because she served there and cares way too much for Veterans. Sanders can‚Äôt win because he wants to expand health care among the middle and lower class. 

Oh but Biden isn‚Äôt Trump so he‚Äôs perfect! Sure his brain has to work overtime in order to comprehend more than a few sentences at a time and he‚Äôs basically just a show pony for the Obama years, but c‚Äômon guys he isn‚Äôt the orange guy and that‚Äôs all we need!

Oh sweet jumping Jesus, the DNC. Never in my life have I seen a more corrupt, shit slinging organization in my life. The amount of times the DNC has been caught pushing favoritism or stealing votes from one candidate to another is on the level of dystopian nightmare, 1984 type of shit. It‚Äôs really no wonder so many people I know can‚Äôt even say they‚Äôre a Democrat or a Liberal with any pride anymore.

Congrats to Donald Trump on his early reelection victory.",ffx5qc,33,35,https://www.reddit.com/r/Democrat/comments/ffx5qc/i_wish_the_democratic_party_was_actually/
14,"Onii-chan, I need help!",,9fpksx,28,5,https://i.redd.it/twwxyzica5m11.png
15,Does anyone else feel this connection during the debates?,,f6mxna,29,1,https://i.redd.it/z6th3fbs10i41.jpg
16,"Sometimes, we forget the other side of the aisle are human beings too; this man is an American hero.",,9in8tu,27,7,https://i.redd.it/7nob0ravz9o11.jpg
17,Joe Biden 2020!,,gbrrsd,24,0,https://v.redd.it/o58huyuza8w41
18,FFS when will Democrats actually use a democratic process to pick their candidate?,"As a non-American by birth I find the US political system completely bizarre, anachronistic, and just plain wrong.  From legalized corruption and bribery of campaign donations, toothless ethics committees, gerrymandering, electoral college, the two party system, need I go on?

But one thing that really strikes me, how is the supposed ""democratic"" party still using this antiquated caucus system and state by state primaries that I simply cannot fathom the modern day rationale of other than to help the DNC continue to manhandle the system to their advantage. Not to mention how it subjects us to the embarrassing and interminable never ending primary debate that after two or three is anyone really still paying attention except the opposition?

I'm no poly-sci student by WTF can't we:

1. Hold all primary votes on one day across the nation
2. Use ranked choice voting to let people vote their heart without fear of spoilers
3. Require candidates to actually be democrats (I'll let you decide what that means)
4. I have no 4 - insert your gripe of choice here

Is that so radical?  Open to be told this is crazy talk but I'd love to hear your yays, nays, hell yeahs, and WTFs?",fe8rf7,25,17,https://www.reddit.com/r/Democrat/comments/fe8rf7/ffs_when_will_democrats_actually_use_a_democratic/
19,I wish the Democratic Party was able to legalize recreational marijuana in Florida without being blocked by Republican drug warriors,,mx66ma,24,34,https://slate.com/news-and-politics/2021/04/florida-supreme-court-ballot-initiative-recreational-marijuana.html
20,Jefferey Epstein Tested NEGATIVE for CoronaVirus | Because someone killed him on August 10th 2019!,"Jeffrey Epstein was a New York-based financier with high-profile ties to the world's ultra-wealthy and best friend to former President of The United States of America Bill Clinton who also ran Hillary Clinton's 2016 campaign for President of The United States of America. Accused of sexually abusing many underage girls, Epstein was finally caught and charged for soliciting a minor for prostitution in Florida in 2008 and became a registered sex offender. Of his 18-month prison sentence, he served 13 months. In July 2019, Epstein was arrested again ‚Äî this time on federal charges of sex-trafficking minors. While awaiting trial, he was found dead in his jail cell on August 10, 2019. The medical examiner concluded his death was by suicide, but a separate investigation prompted by Epstein's family suggests he may have been murdered.",fooo9r,23,0,https://www.reddit.com/r/Democrat/comments/fooo9r/jefferey_epstein_tested_negative_for_coronavirus/
21,"Woman accuses Al Franken of kissing, groping her without consent | TheHill",,7ddfah,21,25,http://thehill.com/homenews/news/360656-woman-accuses-al-franken-of-kissing-groping-her-without-consent
22,How is this possible!?,,o43e4a,21,21,https://i.redd.it/fbttwdny90571.jpg
23,fuck your feelings trumptards,,jphb7q,21,6,https://i.redd.it/aj0tqufxtpx51.jpg
24,"Senator Bernie Sanders: Let‚Äôs Rebuild our Infrastructure, Not Provide Tax Breaks to Big Corporations and Wall Street",,5e7giz,21,1,https://medium.com/senator-bernie-sanders/lets-rebuild-our-infrastructure-not-provide-tax-breaks-to-big-corporations-and-wall-street-f7d3ab463717#.lnvya1yef
25,"POLITICS Fauci is Screwed: Puppygate Footage Emerges of Dogs Tormented in Taxpayer-Funded Labs, Including ‚ÄòInside One of Fauci‚Äôs Own Labs‚Äô",,qfvxrc,20,17,https://republicandaily.com/2021/10/fauci-is-screwed-puppygate-footage-emerges-of-dogs-tormented-in-taxpayer-funded-labs-including-inside-one-of-faucis-own-labs/
26,My take on the current state of America.,"I am not a democrat or a republican but if I had a penny for every disagreement the two parties had I would be the richest man alive. I am a member of a third party(Libertarian) and am sick of the dems and reps throwing the ball back and forth to systematically divide the country while they profit. a two-party system thrives off division. and ""the stakes"" get higher every election... George Washington said that political parties would destroy the country. Abraham Lincon said a house divided amongst itself cannot stand. 

&#x200B;

throw your hate. refuse to believe you can be wrong on anything. see where it leads. democracy is not perfect. but it is better than authoritarianism. it is better than a dictatorship. and it is better than a societal collapse. when we as a people are unwilling to compromise or admit to being wrong we risk the very heart of the nation. you see people lash out and try to kill government officials both Democrats and Republicans alike. you see people claim that someone who doesn't agree with them on everything as a false citizen. this type of attitude can, has, or will lead to the end of nations large and small. the united states is no different.

&#x200B;

the government of Myanmar was couped recently. it fell in a day. if one nation can fall in a day, any nation can. we. are. not. immune. not that I expect you to have read this. with sadness and regrets, I bid you a good day. and I wish you luck in the years to come.",m8wc7f,23,68,https://www.reddit.com/r/Democrat/comments/m8wc7f/my_take_on_the_current_state_of_america/
27,He's got an assault chair!,,esnjqg,21,1,https://i.imgur.com/i8R5T4w.jpg
28,I voted for Obama; now I'm voting for Ron Paul,,k10av,24,2,http://www.huffingtonpost.com/anthony-anderson/i-voted-for-obama-now-im-_b_944097.html
29,Washington Postal Workers Defy USPS Orders And Reinstall Mail Sorting Machines,,ieo2th,20,2,https://www.forbes.com/sites/danielcassady/2020/08/22/washington-postal-workers-defy-usps-orders-and-reinstall-mail-sorting-machines/#7771e8695f80
30,Biden vs Sanders - Which states would vote for which candidate?,,fczua6,18,4,https://i.imgur.com/c3K5aAd.jpg
31,This fly won the debate.,,j74m4i,19,0,https://i.redd.it/0n28xhab6sr51.jpg
32,Donny Boi,,ew93gq,20,0,https://i.redd.it/qzjpfb2hcyd41.jpg
33,The last four years were like the prequels except at least the prequels had a plot,,jqf87o,19,0,https://i.redd.it/dr6kqmg9t1y51.jpg
34,Just a reminder that the electoral college is shit,,jpo8xz,18,1,https://i.redd.it/jeucgzx0jsx51.jpg
35,Can't Take it Anymore,"Im usually not a political person but Im finding out that I have less and less respect for people who defend and voted for Trump.   I recently posted in my FB  what the good Governor Newsom did about procuring PPE's without the help of the federal govt.   and one comment insultingly questioned it.  This person is the type that constantly berates dems and adore Trump.  I don't usually comment back as Im careful not to reveal my hatred for Trump at work, but F\*\*&&\^k   its so dammmmneed hard.    I see them as brainwashed zombies who have brains hijacked and just regurgitate what fox has told them.   Its just too much!!   I will never ever forget the republicans for putting the orange potato in the office,  nope... I will never forgive them.",fydz16,18,12,https://www.reddit.com/r/Democrat/comments/fydz16/cant_take_it_anymore/
36,"Mexican President Blames Biden For Border Crisis, Says He Created ‚ÄòExpectations‚Äô",,mchr76,18,40,https://dailycaller.com/2021/03/24/andres-manuel-lopez-obrador-blames-joe-biden-immigration-policies-border-crisis/
37,Dank,,i5o819,17,2,https://i.imgur.com/gOs2fNL.jpg
38,ELECTION DAY: Latest polls put Democrat James Thompson WITHIN 1%--last chance to phonebank and get out the vote starts NOW,,64qzqk,17,0,https://np.reddit.com/r/esist/comments/64qj2b/election_day_latest_polls_put_democrat_james/
39,MSNBC Irene Min Joo Byon hired people to Doxx the Rittenhouse Jurors,,qx6j1d,18,9,https://i.redd.it/k546kq3xvg081.png
40,"you're looking for r/democrats, not this trumptard cesspool",,jzkrpa,16,1,https://i.redd.it/doyn4even0161.jpg
41,Another CNN scandal: Jussie Smollett Says He Didn‚Äôt Hand Over Phone Because Don Lemon Texted That Police Didn‚Äôt Believe Him,,rb60id,15,29,https://www.dailywire.com/news/jussie-smollett-says-he-didnt-hand-over-phone-because-don-lemon-texted-that-police-didnt-believe-him
42,Trump this week.,,gvuze7,13,2,https://i.redd.it/ub7pvor4hp251.jpg
43,Who wants a billionaire who owns his own media company to be president?,Honest question. It seems like a horrible idea to make Bloomberg our nominee and I am truly curious as to why anyone thinks this is a good idea.,f11ks0,14,8,https://www.reddit.com/r/Democrat/comments/f11ks0/who_wants_a_billionaire_who_owns_his_own_media/
44,What we are voting for,,eyjyfx,14,1,https://i.imgur.com/SBrOeuL.png
45,Several Bridges Over the Freeways,,ecewvb,16,1,https://i.redd.it/u7jdju81ra541.jpg
46,"Holy shit, I just read Trump's organization has been barred from doing business in 109 countries","I wish the Democratic Party would Google ""109 countries"" to find out more.",bhmr6b,15,0,https://www.reddit.com/r/Democrat/comments/bhmr6b/holy_shit_i_just_read_trumps_organization_has/
47,This sub is kinda shit,"I've made a post similar to this before, but this sub literally consists of republicans like bfwilley posting conservative shit. Also what's up with the weird ass anime background. ",au4p2g,14,12,https://www.reddit.com/r/Democrat/comments/au4p2g/this_sub_is_kinda_shit/
48,Can we be honest about CNN,Every time I turn on CNN they are ALWAYS talking about trump. I can ALWAYS count on them being bias towards the left & that shit is really concerning. It‚Äôs almost like there is no other important news or than trump. I just don‚Äôt understand how they are still on air at this point ,aiud6m,14,7,https://www.reddit.com/r/Democrat/comments/aiud6m/can_we_be_honest_about_cnn/
49,The mainstream media is trying very hard to bury this massive lawsuit against the DNC for sabotaging Bernie Sanders,,68sm67,14,2,https://counterpropa.com/7-jaw-dropping-revelations-hearings-motion-dismiss-dnc-fraud-lawsuit/
50,Cory Booker and 12 Other Dems Just Stopped Bernie Sanders‚Äô Amendment to Lower Prescription Drug Costs,,5nl3vf,17,7,https://www.pastemagazine.com/articles/2017/01/thirteen-democrats-just-stopped-bernie-sanders-ame.html
51,"Amid Trump's Smashing Victory, the Nation Elects Its First Latina Senator",,5co2xn,17,1,http://natmonitor.com/2016/11/12/amid-trumps-smashing-victory-the-nation-elects-its-first-latina-senator/
52,The Nation magazine endorses Bernie Sanders,,40xfxe,13,1,http://www.thenation.com/article/bernie-sanders-for-president/
53,Kyle Rittenhouse shouted 'Friendly!' as he was chased by man moments before fatal shooting,,qmy4hq,14,82,https://www.foxnews.com/us/kyle-rittenhouse-chased-before-fatal-shooting
54,triggering the trumptards of r/Democrat - fuck your orange god,,kjplm8,13,106,https://i.redd.it/o6d6v36y58761.jpg
55,Low standards,,jnfsr6,14,0,https://i.redd.it/3w6qr22yi2x51.jpg
56,Uh oh! Someone forgot about responsibility!,,jl1f3t,16,0,https://i.redd.it/1adhwqqzq9w51.jpg
57,Fix news...,,evya5c,13,3,https://i.redd.it/hnxjyarpwtd41.jpg
58,Jeb Steyer just wanted to say hi to Bernie.,,epf3aj,13,0,https://www.youtube.com/watch?v=H1xZBQYwLKs
59,Judge rules police seizing and keeping the property of people not convicted of a crime is unconstitutional in latest blow to civil asset forfeiture,,dn7f4s,16,1,https://reason.com/2019/10/23/s-c-judge-rules-the-obvious-its-unconstitutional-for-police-to-seize-and-keep-peoples-property-without-proving-they-committed-crimes/
60,JUST MADE THIS. Please share and spread because he hates this,,cmbh8u,12,0,https://i.redd.it/wx8re2zp1ne31.jpg
61,Did Joe Biden Really Pinch 8-Year Old Maria Piacesi‚Äôs Nipple In 2015? She Says ‚ÄúYes‚Äù (Photos),,or0oet,14,3,https://www.rightjournalism.com/did-joe-biden-really-pinch-8-year-old-maria-piacesis-nipple-in-2015-she-says-yes-photos/
62,yes,,jmykhb,13,2,https://i.redd.it/3y3t1v3urww51.jpg
63,Reminder,,jlry2e,13,17,https://i.redd.it/0i69krq1ohw51.jpg
64,"Deeply Flawed As A Candidate, Hillary Was The Wrong Leader At The Wrong Time",,5djoxk,12,1,http://dailycaller.com/2016/11/17/deeply-flawed-as-a-candidate-hillary-was-the-wrong-leader-at-the-wrong-time/
65,Uhhh Vote Democrat? REALLY??,,581iks,13,3,https://www.youtube.com/watch?v=5IuJGHuIkzY
66,"Hey Obama supporters, look at the Times headline.",,1ftv1h,13,10,http://m.huffpost.com/us/entry/3398666
67,Can we agree that hypocrisy and a lack of integrity is a huge problem?,,tgipn8,11,3,https://i.redd.it/9p03qou610o81.jpg
68,Fox (also Newsmax and One America News) stays silent about new texts that expose Hannity and Ingraham's Jan. 6 hypocrisy,,rg24se,11,13,https://www.cnn.com/2021/12/14/media/january-6-fox-news-reliable-sources/index.html
69,Democrat variant.,,omiidl,12,19,https://i.redd.it/a9rwxctq1wb71.jpg
70,"Six months after Trump coup, FBI investigation severely lacking",,ofk7px,10,2,https://www.peoplesworld.org/article/six-months-after-trump-coup-fbi-investigation-severely-lacking/
71,"2021 Postal Service Reform Act: to ""require USPS to continue delivering six days weekly.. will help save the postal service more than $45 billion in next 10-years while improving transparency.. would cut requirement to pre-fund its pension for retirees.. integrate retirees healthcare with Medicare""",,nm9nvx,12,0,https://www.fox17online.com/news/gary-peters-discusses-new-usps-legislation
72,"A first of its kind study has showed a 77% increase in the risk of cardiac arrhythmias leading up to and during the 2016 U.S. presidential election, demonstrating that stressful political events can take a toll on heart health.",,nkwboj,13,1,https://news.unchealthcare.org/2021/05/stress-from-2016-u-s-presidential-election-associated-with-significant-increase-in-cardiac-events/
73,I am tired,"I think I should say that first and foremost I do not allign myself with any one party republican or democrat but I think I speak for many Americans when I say we are tired. Joe Biden is the 5th consecutive president to call attacks on the Middle East. Yes it may have been retaliation but for what. Why do we still have countless bases in the Middle East. Why must we be there in the first place? Why is our country a non-stop war machine? Why are all our soldiers overseas for US interests? Why is our biggest expense on our military and these countless bases that in all reality the majority of our nation will never see? Why do we stand on our own two feet but all our allies have to be crutched? 

Let's make a demand for isolation. 
Let's make a demand for these countless bases to be handed over to our allies. 
Let's end the war machine. 
Let's demand for it all to end. 
We can spend the money here. 
Our soldiers can be trained in things other than war and when not holding a rifle be trained in building up our infrastructure, our medics can be deployed within our borders at free clinics, our air force can fly around our borders instead of in some far off country. 

During the last 5 Presidents the world moved ahead of us. We may have iPhones but Asia has high speed railways, Japan has security robots, Dubai has autonomous drone taxis, Europe has the most advanced particle physics laboratory(CERN) , and the tallest building is no longer within the US.  We fell behind in all but war. 

The lie the government has been selling us is that it's for protection or that it's in our interests. But tell me if our homes are not overseas than who are we protecting? Isnt it more in our interests to spend our money not outside of our borders? Our country is falling to shambles and we are being placated like children by deals at Walmart for a 10 dollar wrench that cost a dollar to make. (Random example) 

We could easily have built the most effective anti-missile/anti-aircraft/anti-weapon defense system with zero flaws but instead we built the most devastating weapons we could create. In the end what are we trying to achieve? Why have we been fed the sob stories of the world and why do we continue to intervene? What benefit does it have to every household in America that a man in a cave with a gun on the other side of the world is dead. Instead of just making our country more secure here where it matters we worried ourselves with people who have no access to us because we let our guard down 20 years ago . They hit us here because we weren't secure over here not over there. 

Remember Isis? Do you remember why Isis came to power? They came to power because our war machine created hate. Do we need to continue to create our own enemies? End it all.",ltxnpe,12,25,https://www.reddit.com/r/Democrat/comments/ltxnpe/i_am_tired/
74,Democrat launches campaign to unseat Rep. Marjorie Taylor Greene,,ltjfso,11,1,https://www.cnn.com/2021/02/26/politics/marjorie-taylor-greene-holly-mccormack/index.html
75,NYC Cleared by Court to Release Police Disciplinary Records,,lmarc9,12,2,https://www.theroot.com/federal-court-gives-nyc-green-light-to-release-police-d-1846290159
76,Fuck your feelings trumptards GTFO so the president can get security briefings,,jturp8,12,7,https://i.redd.it/hddnsuw9i4z51.jpg
77,Gap in coverage,,jmbwwa,12,1,https://i.redd.it/p0her099kpw51.jpg
78,"Bloomberg pays fines for 32,000 felons in Florida so they can vote",,ixst9s,13,1,https://thehill.com/homenews/campaign/517522-bloomberg-pays-fines-for-32000-felons-in-florida-so-they-can-vote
79,Reality,,igpa8v,12,9,https://i.redd.it/x4bogfcxy8j51.jpg
80,"Walmart, Other Retailers Begin Requiring Masks This Week. The Retail Industry Leaders Association, released a letter last week that it had sent to state governors, saying mask mandates were needed and the hodgepodge of requirements across the country were causing confusion.",,hu9wp6,12,2,https://spectrumnews1.com/ky/lexington/news/2020/07/19/walmart--other-retailers-begin-requiring-masks-this-week
81,Steve King is OUT,,gvm1e6,13,0,https://i.redd.it/el0gp1ha5m251.png
82,Why did you vote for Biden over Bernie?,I am a Bernie Bro and I don‚Äôt plan on voting for Biden. I‚Äôm pretty moderate and may vote for the Libertarian front runner. But I want to know why you personally chose to vote for Joe Biden in the primary instead of Bernie or someone else?,fxjp1i,11,53,https://www.reddit.com/r/Democrat/comments/fxjp1i/why_did_you_vote_for_biden_over_bernie/
83,Go looking for different perspectives.,,ej4ypj,11,2,https://i.redd.it/c2bfrvhgsf841.jpg
84,"Jussie Smollett convicted of staging hate crime, lying to cops",,rcy6v7,11,17,https://www.foxnews.com/entertainment/jussie-smollett-verdict-alleged-hate-crime-hoax-trial
85,Trolls gonna troll‚Ä¶,,r5n5n5,11,8,https://i.redd.it/p49lq5zehq281.jpg
86,Rittenhouse Verdict Raises Concerns That It‚Äôs No Longer Safe To Beat People To Death With A Skateboard,,qylq39,11,1,https://babylonbee.com/news/rittenhouse-verdict-raises-concerns-that-its-no-longer-safe-to-beat-people-to-death-with-a-skateboard
87,"Man shot by Rittenhouse tells court he advanced on defendant, pointed his gun first",,qpqpf2,9,9,https://justthenews.com/government/courts-law/man-shot-rittenhouse-tells-court-he-advance-defendant-pointed-his-gun-first
88,Republikkkans love flying loser flags,,plccma,9,23,https://i.redd.it/3w9t50la9lm71.png
89,Lincoln Project latest ad.,,p8x6kf,11,5,https://v.redd.it/02jq42sydri71
90,Let's take a minute to thank Morgan Vague.,,oezh6g,11,3,https://i.redd.it/7626n13rlm971.png
91,"The Great LIE Of ""The Woke""","This will be my last post in this sub, which will make the ""The Woke"" tweenkies who bring their damaged psyches here to express their weakness and offense, very happy indeed.

I was handed a 7 day REDDIT ban for posting an OP piece, in which I expressed my pride in my liberal-minded daughter for realizing;

>Today our daughter has changed her  tune drastically. She now says Trump may have been somewhat abrasive,  but his policies all benefited the USA. She sees Biden tearing America  apart, piece by piece, in a rush toward disaster.

and that;

>I'm  very proud of my little girl. She doesn't drink the popular Kool-Aid of  the Libbies. She analyzes, compares, and reaches the only rational  conclusion.

The reason REDDIT gave for the 7 day site-wide ban;

>Your account has been suspended from Reddit for ***harassment***. The suspension will last 7 day(s).

I gravitated to this sub because its mission is to *reform* the Democrat party. But REDDIT has evidently decided that if anyone does not adhere to the orthodoxy of **The Woke**, they are harassing people and polluting their minds with...what...dangerous ideas of independence?

Another thing REDDIT does, is dish out these arbitrary bannings under the guise of an *automated bot*. The gutless wonders don't even have the personal fortitude to stand behind their own decisions, so they hide behind a bot.

So I'm gonna leave my account till the weekend, to see if I get banned for posting this...ever so dangerous OP and to see what responses there may be to this. For those of you out there who truly believe in arcane and dangerous ideas like *free speech* and *the free exchange of ideas*, I would implore you to find another place to go. I'm gonna try Parler and see what its all about.

It is the great **LIE** of **The Woke**, that things like *inclusion*, *unity, fairness, the laws of the land*...mean anything to them. They do not! What is paramount to **The Woke**...is the blind adherence to their orthodoxy. A purely *racist, communist, hateful* ideology that if left unchecked...is going to destroy the United States of America.

I will NOT be a party to that so...I choose to leave this cesspool called...REDDIT.",m1xljw,10,27,https://www.reddit.com/r/Democrat/comments/m1xljw/the_great_lie_of_the_woke/
92,"üé™Republican Family Circusüé™ (OC SATIRE) This is funny... kind of, but actually not really.",,lxqq43,10,0,https://i.redd.it/esvgby6vu1l61.jpg
93,"‚ÄúIn each case they present a battery of evidence showing that increases in the minimum wage lead to increases in pay, but no loss in jobs.‚Äù",,lsxmv7,10,2,https://scholar.google.com/scholar?hl=en&as_sdt=0%2C10&as_vis=1&q=+minimum+wage+studies+buying+power&btnG=#d=gs_qabs&u=%23p%3Do9hZ4ezUXKsJ
94,Agree or disagree?,,kc0moj,11,21,https://i.redd.it/flumfkbeou461.jpg
95,"You're looking for r/democrats, not this trumptard swamp.",,jw90nb,10,2,https://i.redd.it/r0ydbfcwcxz51.jpg
96,Arizona voting precincts and Arizona Native American reservations.,,jpvf24,11,0,https://i.redd.it/c2z85m453vx51.jpg
97,Snowflakes.,,jmin3k,9,0,https://i.redd.it/10t3qtrturw51.jpg
98,L. O. L.,,jlmo7o,11,5,https://v.redd.it/d2n7t8rh6gw51
99,This is why people are against ending the electoral college. It doesn‚Äôt matter your view on how it should be. This is the reality.,,jhsulc,12,57,https://i.redd.it/86y7pwjum4v51.jpg
